<?xml version="1.0" encoding="UTF-8"?>

<project xsi:schemaLocation="http://maven.apache.org/POM/4.0.0 https://maven.apache.org/xsd/maven-4.0.0.xsd" xmlns:xsi="http://www.w3.org/2001/XMLSchema-instance" xmlns="http://maven.apache.org/POM/4.0.0">

<modelVersion>4.0.0</modelVersion>


<parent>

<groupId>org.springframework.boot</groupId>

<artifactId>spring-boot-starter-parent</artifactId>

<version>3.1.0</version>

<relativePath/>

<!-- lookup parent from repository -->


</parent>

<groupId>com.ecommerce</groupId>

<artifactId>SpringBootStarter</artifactId>

<version>0.0.1-SNAPSHOT</version>

<name>SpringBootStarter</name>

<description>Demo project for Spring Boot</description>


<properties>

<java.version>17</java.version>

</properties>


<dependencies>


<dependency>

<groupId>org.springframework.boot</groupId>

<artifactId>spring-boot-starter-web</artifactId>

</dependency>


<dependency>

<groupId>org.springframework.boot</groupId>

<artifactId>spring-boot-starter-test</artifactId>

<scope>test</scope>

</dependency>

</dependencies>


<build>


<plugins>


<plugin>

<groupId>org.springframework.boot</groupId>

<artifactId>spring-boot-maven-plugin</artifactId>

</plugin>

</plugins>

</build>

</project>